doctorName,speciality,crm,phone,email
José Maurício Geraldino,Clinica médica e Ortomolecular,45439,19996022636,dr.mauriciogeraldino@yahoo.com.br
José Mauro Braz De Lima,"Neurologia, Neuropsiquiatria (especialista em Dependência Química)",RJ 52 16.748-0,21999664780,jmbl@globo.com
José Wilson Nunes Vieira De Andrade,Ortopedia,90219,1121652351,dr.jwilsonandrade@gmail.com
Julia Ferreira Leite Garcia,Psiquiatra,520103841-9,2125274469,contato@clinicagravital.com.br
Klenia Meireles Cantanhede Lago,Psiquiatra,141580,13988139374,kleolago@gmail.com
Laerte Rodrigues Júnior,Intensivista,105065,11996792540,laerterodriguesjr@gmail.com
Leonardo Hernandes Morita,Psiquiatra,135.465 SP,11997893121,DRLHM@hotmail.com
Leopoldo Jacomel,Medicina de Família e Comunidade,13770,85981323400,jacomel.mfc@gmail.com
Leopoldo Morais,Clínica Médica / Medicina de Família e Comunidade,52993719,21998892541,leopoldomoraisneto@gmail.com
Letícia Mayer Da Rocha,Geriatria / Medicina de Família / Cuidados Paliativos,198496,11932593015,leticiaus@hotmail.com
Luciana Barbosa De Sousa,Pediatria,5104,83981144206,luciana_b.sousa@hotmail.com
Luciana Paes De Barros,Neuropsiquiatria,16001,81992471333,lucianapdebarros@gmail.com
