doctorName,speciality,crm,phone,email
Gabriel Magalhaes Lopes,Psiquiatria,131339,11969181063,drgabriel@drgabriel.med.br
George Calapodopulos,Medicina nuclear e medicina esportiva,40977,34999722554,calapodopulos@gmail.com
Geraldo Ribeiro Barbosa,Neuropediatra,2012,86988562891,geraldorb@gmail.com
Gustavo Acioli Murta Torres,Anestesiologia - tratamemto de dor e cuidados paliativos,173951,11972430562,guga_murta@hotmail.com
Helio Pincano Gouvea Prado,"Clinica geral, saúde mental e infectologia",52857335,21984470777,hpgprado@gmail.com
Hygor Kleber Cabral Silva,Medicina de Família e Comunidade,67202,37998112070,hygorkcabral@yahoo.com.br
Ivan Barenboim,Psiquiatria,155444,1140638334,ivanbaren@gmail.com
Jaqueline Marta De Oliveira,Otorrinolaringologista/Pós-graduação Cannabis,26281,33999518664,jaquelinemarta@uol.com.br
Jefferson Jane Oliveira Sousa,Neurocirurgia e especialista em dor,12727 PE,81999960140,jjosousa@yahoo.com.br
Jessica Pereira De Carvalho Durand,Medicina Esportiva,206096,11989960299,je.durand@hotmail.com
Johan Fitzgerald Pereyra Sasso,Pós graduação em Medicina de Família e Comunidade. Psicanalista. Pós graduação em Sexologia e Sexoterapeuta.,43587,51995461520,johanpereyra@gmail.com
Jose Luiz de Oliveira Schiavon,Medicina Aeroespacial / Radiologia,44455,35997572370,schiavon00@gmail.com
