doctorName,speciality,crm,phone,email
Tarcisio Alves Barreto Filho,Ortopedia veterinária,CRMV-RN 0382,84988068376,tarcisioabfilho@yahoo.com.br
Teresa Cristina Gheller Schaidhauer,Psiquiatria,16603,47997890333,teresa.schaidhauer@gmail.com
Thais Perlingeiro,Endocrinologista,52-1023225,2125274469,contato@clinicagravital.com.br
Theonaldo Alexandrino Caldeira,Psiquiatra,44646 MG,31994162434,dr.theonaldo@gmail.com
Thiago De Souza Rosado,Nutrologia,SC: 27550,49988139604,rosadomed10@gmail.com
Ursula Catarino,Medicina Preventiva,22367,71991794181,ullycat@gmail.com
Valéria Izabel de Moura,Política e Estratégia/ Docência,C415291,71992384253,vallvitorr22@gmail.com
Vera Maria Silveira de Azevedo,Anestesiologista,1772,7932318498,vmsaaju@gmail.com
Victor Guilherme Pichek,Medicina Saude da família & comunidade - medicina integrativa - medicina Canabinóide,29097,44997663110,drvictorpichek@hotmail.com
Victor Hugo Medeiros Alencar,Oncologia Clínica,4855,﻿85999819698,victorhugo04fev@gmail.com
Victor Vilhena Barroso,Médico de Família e Comunidade,3477,79988075003,victor.vb@hotmail.com
Victoria Regina Viveiros,Clinica,Nao possuo ainda,65998002206,vicviveiros@gmail.com
