doctorName,speciality,crm,phone,email
Daniel Da Rosa Farias,Psiquiatria,33251/RS,51981290120,drfarias@gmail.com
Daniel Lemos Bernucci Magalhães,Clínica médica,45172MG,31992969961,dlbmagalhaes@hotmail.com
﻿Daniel Pereira da Silva Mendes,CLINICA GERAL,CRMAC 2234,79988852130,danmedintegral@gmail.com
Daniel Sócrates,Psiquiatria,134039,11983273738,danielsocrates@yahoo.com.br
Daniela D Angelis De Almeida,Implantodontista,26054RJ,21981565387,danieladangelis@yahoo.com.br
Débora César Barros,Neurologia,128666 SP,11998348223,debora-cesar@hotmail.com
Diony Melo De Oliveira,"Radiologista, Clínico cursando pós graduação em Cannabis Medicinal",10699 GO,+1407 3079217,dionymelo@gmail.com
Eduardo Aliende Perin,Psiquiatria,112873,11996595015,eaperin@gmail.com
Eduardo Macedo Bernardes Filho,Cardiologia/Endocrinologia,52-104.654-3,21982487847,embfilho@clinicaembjanoni.com.br
Emanuelle de Oliveira e Silva,Acupuntura veterinária,2681,27988188746,taovet.medicinaintegrativa@gmail.com
Emílio Figueiredo Netto,Psiquiatria,157483,11999968402,emiliofigueiredo75@gmail.com
Erica Bernini,Especialista ortodontia e ortopedia. Odontologia integrativa. Adultos e Crianças. Teleconsulta e presencial.,CRO 59121,11911804588,draerica.orto@gmail.com
