doctorName,speciality,crm,phone,email
André Freitas Cavallini da Silva,Otorrinolaringologista,161147,15981160761,dekofreitas@gmail.com
Andréa De Cássia Arabe Martins De Oliveira,Clínica Médica,1511/Ro,6999815242,draarabe@hotmail.com
Andressa Martins,Psiquiatra,42449,5135081839,andressamartins@clinicagravital.com.br
Antonio Carlos Pigatto Caus,Neurologia,28453,4235220821,neurologiaclin@gmail.com
Antonio Luchesi Filho,Neurocirurgião,13149,1934610571 / (19) 3461-8571,beluchesi@uol.com.br
Atilio Eugênio Gianoni Neto,Psiquiatria,101652,1639416898 / (16) 99775-1307,clinica_psique0212@hotmail.com
Beatriz Leal,Psiquiatria,90193,11981113341,lealdasilvab@gmail.com
Beatriz Tupinambá,Ginecologista,52829625,21996552001,biatupi@hotmail.com
Bruna Daipré Targa Fernandes,Psiquiatra,151032,15998313131,brudaipre@hotmail.com
Bruno Hojo Rebouças,Neurologista,178922,11999424777,bruhojo@hotmail.com
Caio José Antonio Barbosa Vieira,Psiquiatria e dor crônica,69274,3536602243,caiovieira90@hotmail.com
Carina Cukierman,Odontopediatra,75543,11999343188,carinacuki@gnmail.com
