doctorName,speciality,crm,phone,email
Fabio Pinheiro Rocha Junior,Generalista,15530 es,27998812186,fprocha94@gmail.com
Felipe Nichele Buschle,Otorrinolaringologia,PR 38-463,41984140502,busch1706@hotmail.com
Fernando Bordin,nutrologia - medicina integrativa,30131 PR,41999322008,frnbordin@hotmail.com
Fernando Henrique Vital,Clínico geral,24376 cromg,34988530875,drfernandovitaluberlandia@gmail.com
Fernando Volkart,Biofísico,47147,51999548990,goldenratiomd@gmail.com
Flavia Kuhn,Fisiatria,175476,11981380622,draflaviakuhn@gmail.com
Flavio Formigoni de Freitas,Medicina do Esporte,14240 SC / 113812-0 RJ,48999259912,formigonifreitas@gmail.com
Flavio Geraldes Alves,Neuropediatria,117104,11999116061,fg.flavio@gmail.com
Franciele Conter,Clínico Geral,RS 50711,51996369828,francieleconter1@gmail.com
Francisco Guylherme Martins da Silva Diniz,Médico veterinário,CRMV-PA 3786,93992349666,martinsguylherme@gmail.com
Franklin Carvalho Malta Filho,Clínico geral,Crm PE-29010,81982478117,franklin.carv@hotmail.com
Freddy Seleme Mundaka,Clínica médica,6045 AL,82996409183,selemefreddy@gmail.com
