doctorName,speciality,crm,phone,email
Adriana Zenft,Endocrinologista,CRMSC 8777,48991109553,adrianazenft@gmail.com
Alana Rafaela Silva Guimarães de Souza,Clínica Médica,197203,11967926226,alana.rsg@gmail.com
Albino Paim Brandão,Neurologia,19123,85999695043,albinopaim4@outlook.com
Alexandre Assuane Duarte,Generalista,213170 SP,11942341725,alexandreassuane@hotmail.com
Alexandre Regio Gomes,Medicina de Família e Comunidade,17350,48991771175,kalebesun@gmail.com
Aline Luciana Mendes,Clinica de pequenos animais,CRMV 12772,1143350904,alinelmendes@yahoo.com.br
Amanda Medeiros Dias,Clinica Geral - prescritora de cannabis medicinal focada em crianças com autismo,39.234 - PR,419997251582,amanda.med22@gmail.com
Ana Hounie,Psiquiatra,94382,1136667724,ana.hounie@gmail.com
Ana Luisa de Souza Gatti,Clínica médica,184269,11952320954,ana_gatti@uol.com.br
Ana Paula Pinto Beck,Médica veterinária - clinica geral,16187,51999998731,anappbeck@gmail.com
Ana Beatris Saldanha Ramos Pereira,Medicina de Família e Comunidade,6339,51999691307,anab.ramos.2010@gmail.com
Andre Filipe Da Guarda Ventura,Clinico geral,26937,21982024587,andreventur@hotmail.com
