doctorName,speciality,crm,phone,email
Pietro Vanni,Psiquiatra,52-01057707,2125274469,contato@clinicagravital.com.br
Rafael Casali Ribeiro,Psiquiatria,135152,14991015066,rafacasa@gmail.com
Renan Abdalla,Clínico geral focado em cannabis medicinal,42232pr,41992037709,renan_abdalla@hotmail.com
Ricardo Ferreira,Dor e cirurgia da coluna vertebral,52706973,21996405728,ricfos@gmail.com
Rodolfo Pipe Mussato Variani,Psiquiatra,52-01061151,5135081839,rodolfovariani@clinicagravital.com.br
Rogério Arantes Villela,Clínica Médica,5262297-4,21994330240,rogeriovillela@globo.com
Ronaldo José de Oliveira Correia,Pediatria/Clínica Geral,119542,11952301414,rcmedico@hotmail.com
Saulo Batinga Cardoso,Psiquiatra,46616,5135081839,saulocardoso@clinicagravital.com.br
Soraya Canasiro,psiquiatria,73070,1155795586,canasiros@uol.com.br
Suzana Campos Robortella,Psiquiatria e clinica geral,27418,13996615572,suzrobor@gmail.com
Tacio Francisco Schmitz,Clínica medica,SC 23.495,47992665435,tacioschmitz@gmail.com
Taís Rabelo Holanda,Radiologia,208405,21999309151,taisrabeloholanda@hotmail.com
