doctorName,speciality,crm,phone,email
Carla Gregori,Medicina Veterinária - Med. Vet. Cannabinoide -Fitoterapia & Aromaterapia,15703 RS / 14239 RJ,51982542588,gregorivet@gmail.com
Carlos Eduardo Vaz Pires de Amorim,Medicina de Família e Comunidade,52.55376-6,24993037506,caduamorim68@yahoo.com
Carlos Eugenio Ribeiro Parolini,Reumatologia,19533,34988187778,carloserparolini@gmail.com
Carlos José Zimmer Junior,Médico de Família e Comunidade,15876/DF,613883264/ (61) 99936-1050,drcarloszimmer@gmail.com
Carolina de Castro Santos,Acupuntura e Fitoterapia Chinesa Veterinária,CRMV-SC 07016,49999561261,carolaesalq@yahoo.com.br
Caroline Brown,Médico veterinário,16150,13974075189,veterinariabrown@hotmail.com
Caroline Helena Da Silva Campagnone,Veterinária,39770,13981092394 / (13) 99742-1402,admplantandoconhecimento@gmail.com
Caroline Rangel Martins Pereira,Clinica Geral,5201106597,21982955927,estudoscarolrmp@gmail.com
Cesar Porpino Tavares Lapenda,Psiquiatra,24078,81973286034,cesarlapenda@hotmail.com
Claudia Da Silva Miguelote,Neurologista,5288350-6,2125274469,contato@clinicagravital.com.br
Cleise Pereira De Castro Prôa,Neurologia,61668,11991066546,cleiseproa@gmail.com
Cynthia De Carlo,"Clínica geral, cirurgiã dentista e dor crônica",43625 crosp,11992323288,cyndi@hydra.com.br
