doctorName,speciality,crm,phone,email
Mario Luiz Grieco,medicina interna - medicina do trabalho - médico da familia,32183,11971942673,life@lifegrupo.com.br
Mauro Tarandach,Pediatria Nutrologia Medicina Integrativa,44346,1133681055,mt@equilibrioesaude.com.br
Mikhael De Mattos Marques,Generalista,57030,3299168539,contato@institutoolibano.com.br
Moacir Jorge Oliveira,clinica médica,25283,1146402907 / (11) 94875-2582,ame.sempre@hotmail.com
Nathan Kamliot,Clinica geral,52453079,21988782882,nathankamliot@gmail.com
Olair Rafael Da Silva Jr,Pediatria,61.373 - SP,12988001122,olairjr@gmail.com
Olga Maria Ferreira De Oliveira,Clínica Geral,19899/RS,53984079000,olgamfo@gmail.com
Patrícia de Castro Viana Martins,Neurologia,16250,6135636327,drapatriciacvm@gmail.com
Patrícia Jasselli Freire Lemos,Psiquiatra,41008 MG / 80273 SP,35999583745,pat.freire.lemos@gmail.com
Pedro Antônio Pierro Neto,Neurocirurgia,102283,1155556898,neurocirurgia.funcional@gmail.com
Pedro C. W. De Melo Filho,Ortopedia/ Cannabis medicinal,176.066,19997381212,pedrowmelo@hotmail.com
Pericles Vitorio Serafim Neto,Medicina da Familia e Comunidade,27887,83991398405,periclesneto1@hotmail.com
