doctorName,speciality,crm,phone,email
Luiz Fernando Gonçalves Brancaglione,Cirurgião Buco-maxilo-facial,CRO 46552,1144381922,dr.luizfgbrancaglione@yahoo.com.br
Marcelo Nobre Cariello,Implantodontista,CRORJ 12380,24988002400,marcelonobrecariello@yahoo.com.br
Marcia Tornavoi de Carvalho,Nutróloga,58771,11992277515,marciatornavoi@gmail.com
Marco Antonio Rocha,Geriatria/Cuidados Paliativos,67658,19992997210,mar8489@hotmail.com
Marcus César Petindá Fonseca,Pediatria,CRM 5773 DF,61985598628,marcuspetinda@gmail.com
Maria Angélica Soares Queiroz Telles,Pediatria,20492 PR,41991517831,magesoares79@hotmail.com
Maria Eliane Forneck,Homeopatia,12664 Pr,4130768002 / (41) 99281-8002,memforneck@uol.com.br
Maria Gabriela Lang,Reumatologia,44704,11982095702,m.gabriela.lang@gmail.com
Maria Margareth Pessoa Da Cruz Lucena,Medicina geral e da família Homeopatia e acupuntura,5200361374,24999223290,margarethlucena@yahoo.com.br
Maria Alice Goto,Dentista - Disfunção da ATM e Dor orofacial,9191-CRO-RJ,21998899385,pittygoto@gmail.com
Mariana De Carvalho Magalhães,Medicina chinesa e acupuntura,5217/BA,71981582813,maricmagalhaes@gmail.com
Marilia Pimenta Pires,Neurocirurgia funcional,MG 17885,33999251335,mari2pimenta@yahoo.com.br
